Source,Target,Weight
5,126,11.46
7,327,7.4
8,133,7.81
10,16,93.6
138,143,100.0
140,389,0.94
141,155,3.32
141,248,50.0
141,319,50.0
142,146,100.0
142,200,31.94
142,277,95.75
144,276,50.0
152,151,75.73
154,228,5.5
154,234,32.23
154,291,32.23
169,315,51.0
170,142,85.3
170,146,44.64
170,200,14.26
170,277,42.74
170,286,96.49
170,392,94.01
177,223,50.0
177,233,50.0
210,138,1.9
210,145,5.0
210,154,13.03
210,164,5.05
210,189,21.8
210,203,8.68
210,209,0.62
210,281,7.6
218,284,50.0
255,268,50.0
263,229,55.73
263,369,76.4
277,311,7.05
306,308,50.0
306,388,50.0
321,344,29.21
321,357,29.12
379,216,26.31
379,395,50.0
401,357,29.18
404,255,50.0
406,190,50.0
457,129,50.01
488,185,20.03
502,175,50.0
576,342,50.0
708,254,50.0
711,783,3.03
715,732,36.36
717,755,0.34
717,769,0.48
717,781,1.57
717,830,57.18
718,745,7.72
719,732,59.97
729,811,2.08
729,826,1.66
731,784,50.0
745,758,0.38
745,782,2.0
745,820,0.46
753,758,50.0
753,790,74.26
757,816,76.36
760,812,10.06
768,718,3.84
768,729,2.5
768,830,5.67
795,1068,71.08
797,718,2.0
797,729,2.82
797,830,2.71
811,823,1.97
822,731,27.32
824,130,42.96
830,792,99.16
831,718,19.22
848,718,2.0
848,729,1.25
848,830,1.89
851,761,42.74
873,723,16.86
873,755,0.34
873,769,0.48
873,781,1.57
875,738,4.46
875,783,61.63
894,718,2.0
894,729,2.03
894,830,2.63
929,727,11.26
969,828,10.0
980,779,1.98
980,825,5.4
1012,1022,50.0
1013,1028,50.0
1013,1033,50.0
1013,1049,50.0
1023,1075,50.0
1026,1079,50.0
1030,1069,50.0
1031,1041,100.0
1036,1061,50.0
1046,1074,50.0
1080,1099,50.0
1080,1106,50.0
1121,1088,4.0
1214,1,99.04
1214,750,45.0
1215,2,4.48
1215,154,1.61
1215,167,0.83
1215,171,0.39
1215,269,2.09
1215,797,10.31
1215,1013,0.16
1215,1032,4.16
1216,2,2.01
1216,5,0.12
1216,9,0.33
1216,15,0.98
1216,138,0.64
1216,140,0.29
1216,141,0.6
1216,144,0.12
1216,147,1.21
1216,149,0.81
1216,162,1.96
1216,167,0.21
1216,175,0.49
1216,176,0.21
1216,182,0.28
1216,188,0.77
1216,192,0.19
1216,193,0.93
1216,195,0.39
1216,203,0.99
1216,204,1.43
1216,287,0.17
1216,370,2.05
1216,386,0.13
1216,711,0.11
1216,713,0.27
1216,714,0.21
1216,720,0.51
1216,722,1.05
1216,731,1.04
1216,732,0.52
1216,743,1.01
1216,1013,0.13
1216,1016,0.37
1216,1017,1.77
1216,1018,0.6
1216,1024,0.22
1216,1029,0.59
1216,1039,1.07
1216,1066,0.5
1216,1078,1.6
1216,1097,0.76
1217,2,1.36
1217,4,0.42
1217,6,3.66
1217,8,2.04
1217,19,0.2
1217,20,0.29
1217,144,2.32
1217,149,0.25
1217,151,0.16
1217,158,0.21
1217,167,0.22
1217,720,0.23
1217,728,0.18
1217,742,0.46
1217,797,0.76
1217,1022,2.28
1217,1036,0.18
1217,1038,0.65
1217,1074,0.39
1217,1091,0.6
1217,1094,0.71
1218,2,1.22
1218,164,1.36
1218,167,0.52
1218,175,0.97
1218,177,0.19
1218,183,6.01
1218,299,6.22
1218,309,2.78
1218,336,9.56
1218,715,0.78
1218,725,0.17
1218,1030,0.61
1218,1066,0.21
1218,1072,1.25
1218,1102,2.76
1218,1110,0.31
1219,2,0.98
1219,4,0.72
1219,5,0.51
1219,19,0.54
1219,55,4.23
1219,102,0.35
1219,124,0.11
1219,139,2.12
1219,140,0.23
1219,141,0.57
1219,155,1.79
1219,178,0.77
1219,184,1.44
1219,188,0.2
1219,193,2.79
1219,194,0.1
1219,195,2.01
1219,202,0.21
1219,203,2.54
1219,219,5.9
1219,226,4.29
1219,227,2.26
1219,239,1.42
1219,256,10.46
1219,259,0.24
1219,266,2.09
1219,269,1.13
1219,281,0.11
1219,327,9.91
1219,330,1.14
1219,340,12.39
1219,358,0.51
1219,367,5.65
1219,370,1.27
1219,371,0.33
1219,713,0.16
1219,726,0.11
1219,1039,1.24
1219,1042,99.8
1219,1043,0.25
1219,1045,1.11
1219,1055,0.87
1219,1083,19.9
1220,2,0.75
1220,6,49.71
1220,15,1.39
1220,19,1.23
1220,20,0.57
1220,138,1.42
1220,140,0.4
1220,141,1.78
1220,142,0.24
1220,144,0.66
1220,155,1.26
1220,157,0.17
1220,158,0.36
1220,162,0.65
1220,167,0.26
1220,177,0.61
1220,180,0.59
1220,182,0.43
1220,193,3.09
1220,252,2.6
1220,259,1.04
1220,260,0.16
1220,264,3.8
1220,266,1.16
1220,267,0.26
1220,283,0.39
1220,311,0.97
1220,325,0.15
1220,327,12.65
1220,371,0.12
1220,715,0.3
1220,716,0.14
1220,720,0.54
1220,723,1.36
1220,725,1.33
1220,732,0.24
1220,742,0.2
1220,749,0.32
1220,756,1.07
1220,796,0.45
1220,1012,3.17
1220,1017,0.92
1220,1018,1.01
1220,1024,0.66
1220,1029,2.17
1220,1032,1.33
1220,1039,1.77
1220,1055,0.5
1220,1064,2.7
1220,1072,0.1
1220,1081,1.16
1220,1097,0.57
1221,2,0.53
1221,46,0.41
1221,138,0.83
1221,140,1.11
1221,142,0.39
1221,151,0.21
1221,158,0.53
1221,162,1.57
1221,165,1.19
1221,168,1.3
1221,173,0.13
1221,177,0.69
1221,178,0.77
1221,180,2.61
1221,183,3.78
1221,184,2.04
1221,193,3.95
1221,194,0.54
1221,195,1.24
1221,203,1.74
1221,214,3.22
1221,219,5.55
1221,222,0.19
1221,226,0.9
1221,227,3.93
1221,239,2.09
1221,252,2.95
1221,261,0.35
1221,267,0.87
1221,281,0.62
1221,292,0.61
1221,297,1.52
1221,300,0.15
1221,311,1.87
1221,314,1.79
1221,317,4.57
1221,330,1.5
1221,358,13.36
1221,361,0.85
1221,362,0.22
1221,371,3.49
1221,713,0.72
1221,715,0.39
1221,716,1.16
1221,720,0.22
1221,723,0.17
1221,725,1.25
1221,726,0.59
1221,731,0.17
1221,732,0.48
1221,751,1.24
1221,756,1.49
1221,796,0.21
1221,1012,1.98
1221,1017,1.44
1221,1018,0.87
1221,1019,0.46
1221,1023,0.38
1221,1024,0.39
1221,1030,1.0
1221,1035,5.47
1221,1039,2.08
1221,1043,2.39
1221,1045,3.17
1221,1051,0.29
1221,1058,1.13
1221,1062,0.12
1221,1066,0.25
1221,1067,1.22
1221,1072,0.36
1221,1074,0.14
1221,1078,1.9
1221,1093,4.05
1221,1097,1.44
1221,1103,3.53
1221,1112,50.0
1222,2,0.53
1222,164,2.36
1222,180,2.58
1222,226,0.9
1222,311,1.87
1222,314,1.64
1222,725,0.25
1222,1018,0.52
1222,1019,0.46
1222,1051,0.3
1222,1097,0.32
1223,2,0.44
1223,5,0.38
1223,10,0.69
1223,151,0.2
1223,165,0.34
1223,297,0.73
1223,1103,0.57
1224,2,0.38
1224,13,1.88
1224,19,0.14
1224,20,0.17
1224,139,0.34
1224,149,1.85
1224,151,0.17
1224,167,0.88
1224,168,0.4
1224,175,0.43
1224,176,0.11
1224,183,1.66
1224,195,0.56
1224,219,0.92
1224,230,1.3
1224,239,0.28
1224,261,0.1
1224,266,0.9
1224,267,0.41
1224,292,0.87
1224,299,0.33
1224,300,1.63
1224,325,0.68
1224,330,0.23
1224,336,1.08
1224,361,1.1
1224,362,0.9
1224,371,1.22
1224,372,1.37
1224,720,0.14
1224,728,0.11
1224,732,0.77
1224,742,0.12
1224,743,0.1
1224,1019,0.12
1224,1039,0.66
1224,1055,0.46
1224,1062,0.2
1225,2,0.36
1225,171,0.8
1225,188,0.15
1225,192,0.13
1225,195,0.26
1225,266,0.12
1225,281,0.13
1225,283,0.16
1225,311,0.15
1225,370,0.89
1225,725,0.23
1225,756,0.58
1225,1043,0.37
1225,1045,0.74
1225,1064,1.03
1226,2,0.33
1226,165,0.55
1226,716,0.54
1226,731,0.27
1227,2,0.3
1227,10,0.48
1227,19,0.11
1227,162,0.28
1227,176,0.14
1227,194,0.13
1227,204,0.16
1227,212,100.0
1227,230,5.1
1227,259,0.18
1227,266,7.65
1227,272,0.28
1227,358,11.77
1227,367,0.31
1227,742,0.16
1227,1012,1.01
1227,1017,1.23
1227,1029,0.51
1227,1067,4.14
1227,1074,0.39
1227,1078,0.51
1228,2,0.27
1228,168,0.17
1228,173,0.15
1228,219,0.65
1228,266,0.78
1228,267,0.21
1228,287,0.25
1228,308,0.44
1228,361,0.93
1228,362,0.45
1228,725,0.16
1228,1046,0.29
1229,2,0.27
1229,4,0.34
1229,8,2.88
1229,13,3.52
1229,20,0.14
1229,139,0.11
1229,141,0.69
1229,142,0.42
1229,149,5.6
1229,151,2.4
1229,153,0.15
1229,167,0.47
1229,173,1.78
1229,175,0.52
1229,190,0.14
1229,207,0.25
1229,720,0.47
1229,743,0.13
1229,751,0.17
1229,756,0.22
1229,1013,0.13
1229,1018,0.57
1229,1030,0.47
1229,1032,0.48
1229,1055,0.22
1229,1058,0.37
1229,1081,5.68
1229,1103,2.12
1229,1113,0.87
1230,2,0.26
1230,4,0.61
1230,7,0.48
1230,10,0.43
1230,19,0.15
1230,20,0.49
1230,29,0.2
1230,140,0.29
1230,147,0.23
1230,155,0.3
1230,158,0.27
1230,173,0.23
1230,177,0.19
1230,182,0.15
1230,184,0.17
1230,188,0.21
1230,192,0.13
1230,202,0.15
1230,204,0.24
1230,226,0.47
1230,239,0.28
1230,330,0.22
1230,711,0.19
1230,713,0.23
1230,715,0.24
1230,718,0.28
1230,720,0.24
1230,722,0.24
1230,731,0.24
1230,732,0.24
1230,733,0.32
1230,736,0.22
1230,742,0.35
1230,743,0.3
1230,749,0.28
1230,751,0.43
1230,760,0.46
1230,771,0.62
1230,786,0.27
1230,796,0.23
1230,830,0.28
1230,1013,0.39
1230,1016,0.18
1230,1019,0.25
1230,1024,0.22
1230,1031,0.17
1230,1035,0.18
1230,1039,0.73
1230,1045,0.61
1230,1065,0.16
1230,1072,0.29
1230,1078,0.4
1230,1095,0.22
1230,1115,0.11
1231,2,0.19
1231,10,2.34
1231,19,0.74
1231,147,0.64
1231,167,1.01
1231,251,0.61
1231,256,1.54
1231,281,0.61
1231,297,0.42
1231,299,3.09
1231,361,0.41
1231,367,1.43
1231,735,1.57
1231,749,0.24
1231,797,1.51
1231,1016,0.28
1231,1039,1.01
1231,1043,0.23
1231,1045,0.84
1231,1066,0.5
1231,1074,0.46
1231,1106,0.74
1232,2,0.18
1232,4,0.21
1232,10,0.81
1232,20,0.52
1232,715,0.37
1232,716,0.37
1232,720,0.63
1232,725,0.26
1232,731,0.53
1232,732,0.36
1232,735,0.83
1232,742,0.79
1232,743,0.78
1232,751,1.06
1232,796,0.4
1232,830,1.3
1232,1013,1.15
1232,1032,0.31
1233,2,0.17
1233,152,0.27
1233,742,0.13
1234,2,0.15
1234,742,0.15
1234,1016,0.31
1234,1091,0.51
1234,1110,0.11
1235,2,0.5
1235,6,0.5
1235,7,0.5
1235,8,0.5
1235,10,0.5
1235,13,0.5
1235,15,0.5
1235,138,0.5
1235,140,0.5
1235,141,0.5
1235,142,0.5
1235,149,0.5
1235,155,0.5
1235,158,0.5
1235,162,0.5
1235,164,0.5
1235,165,0.5
1235,167,0.5
1235,168,0.5
1235,171,0.5
1235,173,0.5
1235,175,0.5
1235,177,0.5
1235,178,0.5
1235,180,0.5
1235,183,0.5
1235,188,0.5
1235,193,0.5
1235,195,0.5
1235,203,0.5
1235,204,0.5
1235,219,0.5
1235,226,0.5
1235,239,0.5
1235,252,0.5
1235,266,0.5
1235,297,0.5
1235,317,0.5
1235,330,0.5
1235,358,0.5
1235,367,0.5
1235,715,0.5
1235,716,0.5
1235,718,0.5
1235,720,0.5
1235,725,0.5
1235,729,0.5
1235,731,0.5
1235,735,0.5
1235,742,0.5
1235,749,0.5
1235,756,0.5
1235,830,0.5
1235,1012,0.5
1235,1017,0.5
1235,1018,0.5
1235,1019,0.5
1235,1022,0.5
1235,1024,0.5
1235,1029,0.5
1235,1030,0.5
1235,1032,0.5
1235,1036,0.5
1235,1039,0.5
1235,1045,0.5
1235,1055,0.5
1235,1058,0.5
1235,1064,0.5
1235,1066,0.5
1235,1067,0.5
1235,1074,0.5
1235,1078,0.5
1235,1081,0.5
1235,1091,0.5
1235,1093,0.5
1235,1097,0.5
1235,1102,0.5
1235,1103,0.5
1236,3,0.5
1236,11,0.5
1236,14,0.5
1236,17,0.5
1236,18,0.5
1236,21,0.5
1236,26,0.5
1236,31,0.5
1236,36,0.5
1236,39,0.5
1236,40,0.5
1236,41,0.5
1236,42,0.5
1236,43,0.5
1236,49,0.5
1236,50,0.5
1236,51,0.5
1236,54,0.5
1236,56,0.5
1236,58,0.5
1236,59,0.5
1236,60,0.5
1236,63,0.5
1236,65,0.5
1236,67,0.5
1236,68,0.5
1236,69,0.5
1236,70,0.5
1236,71,0.5
1236,72,0.5
1236,73,0.5
1236,74,0.5
1236,75,0.5
1236,76,0.5
1236,77,0.5
1236,78,0.5
1236,79,0.5
1236,80,0.5
1236,82,0.5
1236,83,0.5
1236,85,0.5
1236,86,0.5
1236,88,0.5
1236,89,0.5
1236,91,0.5
1236,94,0.5
1236,95,0.5
1236,98,0.5
1236,99,0.5
1236,101,0.5
1236,103,0.5
1236,105,0.5
1236,106,0.5
1236,107,0.5
1236,110,0.5
1236,111,0.5
1236,112,0.5
1236,114,0.5
1236,115,0.5
1236,116,0.5
1236,117,0.5
1236,119,0.5
1236,121,0.5
1236,125,0.5
1237,4,58.62
1237,57,0.5
1237,128,99.99
1238,4,2.38
1238,15,1.3
1238,138,0.7
1238,141,2.35
1238,142,0.44
1238,165,2.16
1238,167,0.27
1238,180,4.47
1238,184,4.04
1238,203,0.61
1238,219,0.14
1238,227,0.51
1238,239,0.82
1238,283,3.19
1238,289,0.41
1238,324,0.56
1238,325,0.61
1238,330,0.66
1238,362,0.89
1238,367,0.92
1238,370,1.39
1238,715,0.19
1238,716,0.56
1238,1045,0.5
1238,1064,1.25
1238,1067,1.87
1238,1081,2.57
1239,4,1.26
1239,10,0.81
1239,19,0.72
1239,20,0.32
1239,140,0.82
1239,141,1.39
1239,142,0.84
1239,149,0.81
1239,162,0.64
1239,173,0.27
1239,197,0.2
1239,256,0.19
1239,715,1.34
1239,716,0.9
1239,720,0.19
1239,723,0.3
1239,725,1.44
1239,728,0.14
1239,731,2.99
1239,732,0.57
1239,742,1.78
1239,743,0.15
1239,751,0.14
1239,796,0.8
1239,797,0.16
1239,1022,1.2
1239,1064,1.14
1240,4,0.85
1240,5,0.3
1240,138,0.79
1240,147,0.75
1240,149,1.72
1240,157,0.13
1240,164,1.65
1240,165,0.47
1240,168,1.46
1240,178,0.58
1240,203,0.99
1240,214,0.14
1240,226,3.47
1240,251,1.52
1240,267,0.68
1240,281,0.28
1240,297,1.94
1240,299,0.11
1240,358,0.9
1240,720,1.03
1240,735,0.9
1240,830,5.59
1240,1017,0.79
1240,1022,3.5
1240,1023,0.2
1240,1032,0.23
1240,1036,0.61
1240,1039,3.13
1240,1043,0.1
1240,1055,0.22
1240,1064,0.8
1240,1072,0.2
1240,1110,1.36
1241,4,0.33
1241,797,1.05
1241,1019,0.16
1242,4,0.14
1242,10,0.3
1242,13,2.51
1242,1074,0.16
1242,1091,0.46
1243,4,0.12
1243,7,0.27
1243,22,0.17
1243,138,0.97
1243,141,1.41
1243,142,0.23
1243,145,0.11
1243,147,2.83
1243,151,0.14
1243,153,0.32
1243,157,0.33
1243,162,0.51
1243,167,0.58
1243,171,0.7
1243,175,0.2
1243,176,0.14
1243,180,0.17
1243,188,0.18
1243,193,1.61
1243,195,0.6
1243,214,0.31
1243,251,0.21
1243,256,0.1
1243,259,0.25
1243,260,0.18
1243,261,0.16
1243,283,1.39
1243,297,2.89
1243,299,0.16
1243,314,0.22
1243,317,0.34
1243,713,0.23
1243,715,0.52
1243,720,1.02
1243,725,0.87
1243,728,0.11
1243,751,0.14
1243,797,0.15
1243,1012,0.83
1243,1013,0.74
1243,1018,1.81
1243,1030,1.07
1243,1036,0.13
1243,1039,0.58
1243,1078,0.49
1243,1097,0.98
1243,1102,0.33
1243,1110,0.23
1244,5,30.2
1245,5,24.62
1246,5,11.37
1247,5,1.52
1247,6,4.07
1247,7,7.9
1247,8,3.72
1247,15,0.86
1247,138,1.98
1247,139,0.97
1247,140,0.79
1247,141,0.93
1247,142,0.56
1247,149,0.4
1247,151,0.96
1247,158,0.32
1247,165,0.75
1247,166,0.24
1247,167,0.28
1247,175,0.79
1247,177,0.11
1247,180,0.2
1247,184,2.5
1247,188,0.33
1247,193,2.89
1247,195,5.41
1247,203,0.81
1247,204,4.94
1247,214,2.05
1247,219,5.5
1247,226,5.23
1247,227,0.96
1247,239,1.68
1247,252,5.4
1247,261,1.72
1247,267,1.07
1247,297,4.98
1247,324,0.88
1247,327,2.74
1247,328,1.06
1247,330,1.35
1247,332,1.42
1247,336,0.8
1247,340,1.01
1247,402,0.65
1247,715,0.32
1247,716,2.89
1247,732,0.36
1247,733,3.26
1247,743,0.8
1247,749,4.15
1247,751,0.96
1247,786,0.16
1247,1012,3.09
1247,1017,1.45
1247,1018,4.63
1247,1019,0.16
1247,1024,0.43
1247,1030,1.01
1247,1032,0.18
1247,1034,0.8
1247,1035,1.66
1247,1036,0.21
1247,1038,5.07
1247,1039,0.53
1247,1043,3.22
1247,1046,0.11
1247,1055,0.76
1247,1058,1.75
1247,1062,1.96
1247,1067,1.7
1247,1081,0.73
1247,1093,2.09
1247,1097,3.04
1247,1102,0.48
1247,1113,0.72
1248,5,0.9
1248,19,1.24
1248,138,0.72
1248,140,1.06
1248,141,1.41
1248,153,1.91
1248,154,0.69
1248,155,0.48
1248,157,0.16
1248,158,0.34
1248,164,4.75
1248,171,3.89
1248,173,2.14
1248,177,1.5
1248,178,2.63
1248,195,7.24
1248,202,2.58
1248,214,1.25
1248,222,0.26
1248,267,0.4
1248,269,1.88
1248,731,0.33
1248,740,1.19
1248,749,1.05
1248,756,1.25
1248,1012,1.34
1248,1013,0.83
1248,1016,0.37
1248,1018,0.68
1248,1023,0.57
1248,1032,2.4
1248,1036,1.74
1248,1039,0.47
1248,1072,4.41
1248,1084,1.08
1248,1097,0.31
1248,1115,0.33
1249,5,0.82
1249,7,0.95
1250,5,0.63
1250,178,0.26
1250,182,0.2
1250,184,0.2
1250,713,0.15
1250,725,0.25
1250,749,0.78
1250,1034,0.29
1250,1039,0.71
1251,5,0.4
1251,7,5.27
1251,8,1.54
1251,10,0.59
1251,15,1.82
1251,139,2.07
1251,140,0.49
1251,141,0.41
1251,142,0.14
1251,149,0.95
1251,151,0.41
1251,153,0.34
1251,155,1.81
1251,165,1.05
1251,167,0.34
1251,168,0.39
1251,171,1.24
1251,173,2.5
1251,178,0.96
1251,180,0.17
1251,182,0.14
1251,183,1.26
1251,184,3.02
1251,188,0.18
1251,193,1.31
1251,195,0.58
1251,203,3.14
1251,207,0.69
1251,226,1.91
1251,239,1.47
1251,252,0.75
1251,259,0.19
1251,260,0.21
1251,261,0.86
1251,266,0.67
1251,281,1.33
1251,297,1.14
1251,308,0.66
1251,311,0.39
1251,314,0.14
1251,325,0.31
1251,330,1.04
1251,332,1.85
1251,358,0.46
1251,367,1.83
1251,370,1.78
1251,371,0.57
1251,716,0.48
1251,731,0.31
1251,732,0.13
1251,742,0.21
1251,1017,0.73
1251,1022,0.54
1251,1029,0.75
1251,1055,0.38
1251,1058,0.44
1251,1062,0.21
1251,1064,0.77
1251,1067,3.62
1251,1091,0.54
1251,1093,0.66
1251,1097,0.41
1251,1103,0.54
1252,5,0.37
1252,6,0.25
1252,10,0.21
1252,133,0.36
1252,141,0.48
1252,147,0.11
1252,149,0.44
1252,173,0.16
1252,184,0.15
1252,204,0.2
1252,214,0.2
1252,226,0.32
1252,227,0.62
1252,232,4.81
1252,259,0.17
1252,267,0.28
1252,281,0.42
1252,289,0.13
1252,292,6.01
1252,300,0.82
1252,317,0.34
1252,324,5.21
1252,334,16.94
1252,340,2.65
1252,358,8.48
1252,372,8.97
1252,711,0.19
1252,713,0.16
1252,715,0.42
1252,716,0.27
1252,718,0.31
1252,720,0.22
1252,721,0.53
1252,722,0.21
1252,725,0.2
1252,728,0.51
1252,731,0.29
1252,732,0.39
1252,733,0.22
1252,736,0.14
1252,742,0.35
1252,743,0.67
1252,746,0.45
1252,749,0.99
1252,756,0.12
1252,761,0.13
1252,762,0.1
1252,786,0.14
1252,793,1.22
1252,808,1.07
1252,810,0.53
1252,1032,0.16
1252,1043,0.21
1252,1045,2.98
1252,1081,0.75
1252,1097,0.36
1253,5,0.29
1253,138,0.74
1253,141,0.58
1253,149,0.88
1253,164,6.46
1253,175,2.12
1253,178,0.66
1253,182,0.17
1253,189,0.94
1253,192,0.12
1253,203,3.64
1253,219,0.75
1253,226,5.7
1253,239,2.37
1253,260,0.84
1253,261,0.78
1253,267,0.38
1253,297,4.56
1253,308,0.6
1253,317,5.08
1253,325,0.49
1253,330,1.88
1253,332,1.22
1253,370,0.55
1253,386,0.13
1253,399,3.58
1253,713,0.11
1253,749,0.3
1253,772,0.28
1253,1012,3.39
1253,1029,0.74
1253,1030,1.57
1253,1045,3.69
1253,1063,1.35
1253,1066,0.28
1253,1071,2.48
1253,1078,1.27
1253,1081,0.76
1253,1093,1.1
1253,1102,14.05
1254,5,0.11
1254,6,4.53
1254,7,0.4
1254,15,3.78
1254,64,0.25
1254,140,0.36
1254,141,1.41
1254,142,0.5
1254,147,0.11
1254,151,0.95
1254,155,0.64
1254,158,0.27
1254,162,2.48
1254,165,3.92
1254,173,0.61
1254,177,0.43
1254,178,0.23
1254,180,0.49
1254,192,0.21
1254,195,0.67
1254,203,0.88
1254,219,0.49
1254,226,0.84
1254,239,1.0
1254,264,0.23
1254,297,4.53
1254,317,1.07
1254,330,0.8
1254,358,57.16
1254,399,0.26
1254,716,0.78
1254,725,0.36
1254,751,0.1
1254,1017,2.0
1254,1018,1.48
1254,1024,0.78
1254,1029,1.15
1254,1030,3.8
1254,1032,0.33
1254,1044,0.48
1254,1064,1.19
1254,1067,4.12
1254,1093,2.46
1254,1097,0.69
1254,1103,3.64
1255,6,26.58
1255,10,3.1
1255,20,21.5
1255,155,0.27
1255,1074,0.13
1255,1103,0.51
1256,6,19.13
1256,19,0.19
1256,20,0.17
1256,158,0.23
1257,6,13.27
1257,13,9.01
1257,15,1.13
1257,138,3.21
1257,139,0.13
1257,140,1.72
1257,141,0.48
1257,153,1.0
1257,155,3.18
1257,164,6.26
1257,167,4.51
1257,168,0.65
1257,176,0.18
1257,178,0.32
1257,181,0.41
1257,182,0.27
1257,188,1.31
1257,193,5.04
1257,203,0.77
1257,204,3.01
1257,214,3.57
1257,217,4.0
1257,227,0.76
1257,239,3.44
1257,241,2.62
1257,261,2.69
1257,269,0.27
1257,297,1.25
1257,330,1.96
1257,726,1.92
1257,728,1.87
1257,742,2.89
1257,1011,0.32
1257,1012,2.24
1257,1017,1.56
1257,1018,5.81
1257,1022,1.02
1257,1024,1.93
1257,1030,1.86
1257,1032,1.43
1257,1036,0.19
1257,1040,0.48
1257,1043,0.84
1257,1045,8.68
1257,1046,0.58
1257,1055,3.16
1257,1058,0.5
1257,1063,0.62
1257,1067,1.52
1257,1072,1.93
1257,1081,3.79
1257,1095,3.03
1258,6,5.99
1259,6,4.94
1259,149,0.13
1259,153,0.11
1259,155,0.25
1259,163,0.35
1259,219,0.12
1259,256,0.12
1259,266,0.34
1259,311,0.48
1259,317,0.39
1259,327,0.15
1259,336,0.29
1259,399,0.11
1259,720,0.2
1259,818,0.37
1259,1027,0.13
1259,1036,0.24
1259,1039,0.63
1259,1084,0.46
1259,1102,0.79
1260,6,3.1
1260,8,1.45
1260,15,2.28
1260,44,1.1
1260,142,0.38
1260,145,0.55
1260,147,0.11
1260,149,3.58
1260,154,0.26
1260,170,0.18
1260,173,0.12
1260,712,1.25
1260,714,0.16
1260,728,2.94
1260,729,0.7
1260,746,0.56
1260,752,1.23
1260,756,0.88
1260,768,2.02
1260,782,1.0
1260,797,0.3
1260,1012,2.27
1260,1017,1.32
1260,1022,3.5
1260,1023,1.9
1260,1038,1.48
1260,1066,1.43
1260,1110,4.13
1260,1115,0.54
1261,6,1.78
1261,162,0.32
1261,165,0.55
1261,167,1.67
1261,171,0.42
1261,173,0.16
1261,260,0.61
1261,308,2.68
1261,336,0.42
1261,830,0.22
1261,1012,0.84
1261,1017,0.63
1261,1045,2.13
1261,1055,0.22
1261,1058,0.95
1261,1066,0.96
1261,1093,1.01
1261,1097,0.63
1262,6,1.55
1262,195,0.49
1262,259,0.31
1262,267,0.19
1262,281,0.98
1262,309,1.14
1262,317,0.55
1262,332,0.77
1262,361,0.11
1262,376,1.08
1262,722,0.12
1262,749,0.27
1262,1034,0.14
1262,1055,0.47
1262,1102,2.19
1263,6,1.14
1263,1064,2.48
1263,1067,1.58
1263,1081,3.01
1264,6,0.98
1265,6,0.71
1265,317,0.34
1265,1027,0.1
1265,1043,0.16
1266,6,0.56
1267,6,0.42
1267,19,0.18
1267,139,0.15
1267,183,1.15
1267,193,0.83
1267,252,1.1
1267,264,0.16
1267,371,1.57
1267,713,0.15
1267,726,0.17
1267,751,0.18
1267,756,0.81
1267,1024,0.26
1267,1058,0.63
1267,1067,1.47
1267,1078,0.63
1267,1093,0.72
1268,6,0.4
1268,150,0.21
1268,797,0.39
1269,6,0.28
1270,7,50.01
1271,7,23.95
1272,7,3.28
1272,8,4.87
1272,10,0.48
1272,145,0.4
1272,1036,2.78
1272,1051,0.54
1273,7,2.39
1274,7,2.15
1274,13,3.29
1274,20,2.1
1274,1081,0.51
1275,7,1.29
1275,10,0.32
1275,154,0.14
1275,157,0.34
1275,177,0.33
1275,188,0.31
1275,260,0.22
1275,308,0.34
1275,311,0.6
1275,336,0.51
1275,337,0.1
1275,376,0.21
1275,749,0.84
1275,1025,0.1
1275,1039,0.71
1275,1050,0.25
1275,1062,0.11
1275,1072,0.2
1275,1074,0.13
1275,1092,0.17
1276,7,1.1
1276,8,2.58
1276,173,0.13
1276,261,0.23
1276,317,0.66
1276,715,0.15
1276,1043,0.65
1277,7,0.54
1277,731,0.13
1278,7,0.54
1278,8,1.4
1279,7,0.44
1280,7,0.4
1280,1081,0.22
1280,1094,0.66
1281,7,0.38
1282,7,0.32
1283,7,0.29
1283,20,0.13
1283,751,0.12
1283,830,0.2
1283,1032,0.56
1283,1072,0.38
1283,1116,0.14
1284,8,3.4
1284,141,0.64
1284,147,0.45
1284,151,0.1
1284,158,0.26
1284,162,0.46
1284,165,0.55
1284,167,0.96
1284,175,0.94
1284,176,0.33
1284,180,2.62
1284,184,0.37
1284,193,1.67
1284,195,1.06
1284,204,0.5
1284,239,1.35
1284,264,2.26
1284,267,0.79
1284,272,0.16
1284,330,1.09
1284,362,1.2
1284,367,0.23
1284,725,1.29
1284,726,0.15
1284,1015,0.12
1284,1018,0.63
1284,1019,0.32
1284,1024,0.19
1284,1029,0.64
1284,1030,0.72
1284,1032,0.4
1284,1038,0.37
1284,1055,1.5
1284,1058,0.83
1284,1064,1.35
1284,1078,1.81
1284,1093,1.28
1284,1097,0.37
1284,1103,1.45
1285,8,2.47
1285,13,2.18
1286,8,2.37
1287,8,2.11
1288,8,1.54
1288,13,2.82
1288,139,0.11
1288,140,0.28
1288,142,0.17
1288,147,0.12
1288,151,0.34
1288,153,0.13
1288,155,0.45
1288,157,0.19
1288,158,0.27
1288,162,0.66
1288,168,0.33
1288,173,0.13
1288,175,0.27
1288,178,0.17
1288,180,0.29
1288,192,0.12
1288,193,0.85
1288,204,0.23
1288,207,0.57
1288,260,0.23
1288,261,0.29
1288,300,0.43
1288,367,0.39
1288,715,0.22
1288,722,0.12
1288,728,0.29
1288,736,0.11
1288,756,0.22
1288,1032,0.42
1288,1036,0.22
1288,1058,0.24
1288,1074,0.65
1289,8,1.53
1290,8,1.34
1290,261,0.18
1290,273,0.72
1290,336,0.54
1290,740,0.31
1290,749,0.23
1290,1043,0.24
1291,8,1.27
1291,184,0.28
1291,227,0.6
1291,292,1.86
1291,324,0.15
1291,1078,0.55
1291,1081,1.04
1292,8,1.08
1293,8,0.98
1293,177,0.19
1293,180,0.16
1293,192,0.12
1294,8,0.98
1294,239,0.73
1294,256,2.82
1294,261,0.53
1294,292,3.1
1294,297,0.71
1294,308,0.22
1294,314,0.32
1294,324,1.12
1294,340,1.12
1294,362,2.62
1294,367,0.38
1294,1103,0.89
1295,8,0.89
1295,239,0.29
1295,259,0.38
1295,266,0.98
1295,330,0.24
1295,370,0.79
1295,740,0.31
1295,756,0.45
1295,1055,0.22
1296,9,50.0
1296,287,39.0
1296,1119,100.0
1297,9,0.33
1297,19,0.11
1297,20,0.21
1297,22,0.37
1297,24,0.57
1297,29,0.44
1297,30,0.22
1297,32,0.54
1297,34,0.34
1297,35,0.36
1297,37,0.35
1297,46,0.64
1297,62,0.54
1297,120,0.11
1297,124,0.15
1297,147,0.52
1297,182,0.22
1297,185,0.1
1297,197,0.76
1297,202,0.12
1297,225,0.71
1297,311,0.14
1297,328,1.86
1297,398,0.27
1297,711,0.14
1297,718,0.44
1297,722,0.12
1297,731,0.18
1297,733,0.23
1297,736,0.12
1297,751,0.12
1297,760,0.74
1297,761,1.44
1297,762,0.42
1297,767,0.22
1297,771,0.58
1297,784,0.33
1297,786,1.24
1297,824,0.14
1297,830,1.0
1297,1011,0.52
1297,1013,1.48
1297,1015,0.14
1297,1016,0.13
1297,1019,0.99
1297,1024,0.17
1297,1025,1.1
1297,1031,0.76
1297,1034,0.13
1297,1035,0.49
1297,1036,1.01
1297,1038,0.16
1297,1039,3.26
1297,1040,0.33
1297,1045,1.49
1297,1046,1.65
1297,1050,0.13
1297,1051,0.12
1297,1052,0.12
1297,1054,0.1
1297,1060,1.25
1297,1063,0.33
1297,1064,0.79
1297,1072,0.12
1297,1073,0.45
1297,1076,0.11
1297,1078,0.4
1297,1092,0.53
1297,1093,0.56
1297,1098,0.76
1297,1110,0.43
1297,1116,0.24
1298,10,59.42
1299,10,7.06
1299,12,79.19
1300,10,6.67
1300,12,99.3
1300,148,97.97
1300,175,0.12
1300,207,0.16
1300,226,0.13
1300,227,0.16
1300,230,0.67
1300,264,0.8
1300,265,9.22
1300,340,0.2
1300,370,0.81
1300,376,0.32
1300,724,0.22
1300,725,76.91
1300,807,22.11
1300,1027,0.22
1300,1058,0.74
1300,1100,99.96
1300,1112,100.0
1301,10,0.32
1302,10,0.23
1302,140,0.27
1302,142,0.25
1302,145,0.19
1302,147,0.1
1302,151,0.31
1302,152,0.39
1302,154,0.23
1302,155,0.43
1302,162,0.31
1302,165,0.95
1302,166,0.32
1302,173,0.72
1302,177,0.28
1302,188,0.25
1302,192,0.12
1302,195,0.59
1302,207,0.2
1302,214,1.29
1302,226,0.39
1302,252,0.34
1302,256,0.44
1302,264,0.48
1302,299,0.65
1302,317,0.62
1302,370,0.54
1302,386,0.23
1302,715,0.31
1302,716,0.23
1302,742,0.12
1302,749,0.26
1302,751,0.1
1302,752,0.18
1302,756,0.52
1302,786,0.21
1302,1013,0.88
1302,1016,0.12
1302,1019,0.65
1302,1020,0.18
1302,1024,0.19
1302,1029,0.7
1302,1045,0.4
1302,1055,0.33
1302,1058,0.29
1302,1066,0.31
1302,1078,0.73
1302,1086,24.73
1302,1093,0.94
1302,1115,0.12
1303,10,0.23
1303,140,0.27
1303,142,0.25
1303,145,0.2
1303,151,0.33
1303,152,0.43
1303,154,0.23
1303,155,0.43
1303,162,0.33
1303,165,1.0
1303,166,0.31
1303,167,0.34
1303,173,0.74
1303,177,0.28
1303,188,0.25
1303,192,0.12
1303,195,0.59
1303,207,0.2
1303,214,1.29
1303,226,0.39
1303,252,0.34
1303,256,0.44
1303,264,0.5
1303,299,0.65
1303,317,0.59
1303,370,0.54
1303,386,0.24
1303,715,0.31
1303,716,0.23
1303,742,0.12
1303,749,0.26
1303,751,0.1
1303,752,0.18
1303,756,0.52
1303,786,0.21
1303,1013,0.88
1303,1016,0.12
1303,1024,0.19
1303,1029,0.7
1303,1039,0.84
1303,1045,0.4
1303,1055,0.33
1303,1058,0.29
1303,1066,0.31
1303,1078,0.73
1303,1086,24.78
1303,1093,0.94
1303,1115,0.12
1304,10,0.21
1304,256,0.22
1304,299,0.39
1304,361,0.17
1304,362,0.12
1305,10,0.21
1305,19,0.17
1305,173,0.13
1305,742,0.16
1305,1074,0.27
1306,12,18.43
1307,12,8.8
1308,12,0.63
1308,15,14.93
1309,12,0.05
1310,13,74.6
1311,13,25.0
1311,181,10.0
1312,13,19.5
1312,213,0.5
1313,13,9.78
1313,46,64.3
1313,211,91.9
1313,213,58.9
1313,258,99.6
1313,715,60.6
1313,732,60.0
1313,734,99.1
1313,776,92.6
1314,13,6.26
1314,1074,0.48
1314,1081,1.49
1315,13,6.08
1315,1064,3.13
1316,13,5.34
1317,13,5.26
1317,1091,0.82
1318,13,3.8
1319,13,3.36
1319,19,0.12
1319,297,0.52
1320,13,2.3
1321,13,1.89
1322,13,1.07
1322,162,0.23
1322,165,0.35
1323,15,28.89
1323,142,10.81
1323,199,0.36
1323,209,0.74
1323,263,37.4
1323,316,4.06
1323,318,10.14
1323,823,11.99
1324,15,21.49
1325,15,19.31
1326,15,3.78
1327,15,3.42
1328,15,3.14
1329,15,2.72
1330,15,2.45
1330,20,0.18
1330,149,1.6
1330,164,1.02
1330,182,1.29
1330,192,1.13
1330,198,0.2
1330,202,2.37
1330,751,3.24
1330,1022,9.67
1330,1023,1.88
1330,1078,0.48
1330,1115,0.25
1331,15,2.32
1332,15,1.87
1332,141,0.58
1332,164,4.69
1332,183,8.68
1332,184,3.86
1332,188,2.95
1332,203,0.74
1332,227,5.52
1332,239,6.21
1332,261,3.57
1332,297,3.06
1332,300,4.19
1332,308,2.65
1332,327,9.04
1332,330,5.04
1332,340,6.59
1332,361,4.93
1332,367,3.23
1332,371,4.36
1332,386,1.15
1332,1062,0.48
1332,1103,0.98
1333,15,1.11
1333,167,0.72
1333,171,3.5
1333,183,6.22
1333,192,0.77
1333,193,5.45
1333,204,0.5
1333,214,1.1
1333,227,1.22
1333,252,0.34
1333,314,1.07
1333,370,1.65
1333,715,0.25
1333,749,6.01
1333,1036,1.02
1333,1055,0.29
1333,1078,1.37
1333,1093,0.8
1333,1121,0.5
1334,16,3.35
1335,16,2.07
1336,16,0.98
1336,132,20.0
1336,168,37.2
1336,181,14.4
1336,230,0.5
1336,272,0.5
1336,281,0.5
1336,317,59.5
1336,357,19.96
1336,372,30.0
1336,740,26.1
1336,764,20.0
1336,787,12.5
1336,1029,39.8
1337,19,76.09
1337,140,5.0
1337,194,0.11
1337,252,0.45
1337,283,0.29
1337,336,0.58
1337,751,0.18
1337,797,64.32
1337,1021,99.96
1337,1102,0.47
1337,1111,44.39
1338,19,0.4
1339,19,0.26
1339,177,0.13
1339,183,0.82
1339,259,0.21
1339,264,0.12
1340,20,10.84
1341,20,4.36
1342,22,50.01
1343,23,99.96
1343,104,32.25
1343,150,65.81
1344,23,99.96
1345,23,50.01
1345,53,97.92
1345,104,98.03
1345,150,8.12
1345,742,44.89
1346,25,50.01
1347,27,0.5
1348,27,0.5
1349,28,76.67
1349,1029,60.2
1350,28,19.95
1350,178,0.18
1350,192,0.2
1350,207,0.21
1350,336,0.11
1350,742,0.14
1350,761,0.25
1350,1036,0.14
1350,1102,0.29
1350,1115,0.14
1351,28,3.38
1352,29,0.5
1353,29,0.5
1354,30,50.0
1354,224,18.9
1355,32,69.9
1356,33,86.09
1357,33,51.0
1357,47,4.0
1358,35,78.9
1358,775,54.3
1358,1057,100.0
1359,37,0.12
1360,38,52.0
1361,38,0.5
1362,38,0.5
1363,44,0.19
1364,44,0.18
1364,149,0.16
1364,171,0.7
1364,207,0.11
1364,236,72.5
1364,281,0.96
1364,299,0.22
1364,399,0.44
1364,1022,1.78
1364,1043,0.21
1364,1055,0.5
1365,45,45.6
1366,45,45.6
1367,47,50.01
1368,48,50.01
1369,52,0.5
1370,61,31.59
1371,61,1.98
1372,61,0.5
1373,61,0.5
1374,62,66.1
1375,62,66.1
1375,758,70.0
1376,66,48.6
1377,66,20.0
1378,81,50.01
1379,84,87.86
1380,84,50.01
1381,87,0.01
1382,90,5.83
1383,92,74.26
1384,93,0.5
1385,96,67.63
1386,97,27.26
1387,100,100.0
1388,100,99.97
1389,102,31.45
1390,104,50.01
1391,108,94.0
1392,109,50.21
1393,113,50.01
1393,1105,50.0
1394,118,50.01
1395,122,50.01
1396,123,96.0
1396,202,75.0
1396,801,96.0
1397,124,66.33
1397,225,100.0
1398,124,0.5
1398,225,0.5
1399,126,81.58
1399,808,99.67
1399,815,99.67
1400,127,100.0
1401,130,56.7
1402,130,0.34
1403,131,82.35
1404,133,25.44
1405,133,9.46
1406,133,7.84
1407,133,7.81
1408,133,7.81
1409,133,7.4
1410,133,2.6
1411,133,0.12
1411,183,0.71
1411,193,5.52
1411,273,0.38
1411,367,0.25
1411,1043,0.19
1411,1047,0.16
1415,166,0.1
1415,176,0.14
1415,238,0.1
1415,273,0.68
1415,281,7.35
1415,339,6.11
1415,1062,0.11
1415,1066,0.25
1416,173,0.15
1418,144,0.11
1418,149,0.16
1418,157,0.11
1418,180,0.4
1418,219,0.4
1418,227,0.13
1418,1043,0.14
1418,1094,0.17
1420,153,0.11
1420,175,0.17
1420,219,0.12
1420,266,0.34
1420,311,0.48
1420,317,0.41
1420,336,0.29
1420,399,0.11
1420,818,0.38
1420,1027,0.13
1420,1036,0.21
1420,1084,0.46
1420,1102,0.79
1422,145,0.45
1422,154,0.11
1422,158,0.43
1422,168,0.39
1422,171,1.49
1422,195,1.24
1422,202,0.62
1422,204,0.33
1422,207,0.45
1422,230,1.44
1422,267,0.16
1422,297,1.4
1422,311,1.08
1422,314,0.16
1422,332,0.64
1422,716,0.48
1422,720,0.53
1422,723,0.18
1422,725,0.36
1422,1015,0.15
1422,1024,0.16
1422,1029,1.04
1422,1032,0.92
1422,1043,0.31
1422,1060,1.36
1422,1091,0.41
1422,1093,3.28
1422,1102,1.4
1424,150,0.24
1424,1064,2.8
1426,157,0.23
1429,1044,0.19
1429,1074,0.18
1434,153,0.33
1434,175,0.15
1434,176,0.12
1434,183,0.45
1434,184,0.5
1434,188,0.18
1434,189,0.23
1434,195,0.8
1434,204,0.37
1434,214,0.49
1434,226,0.23
1434,227,0.13
1434,252,0.62
1434,259,0.37
1434,260,0.55
1434,283,0.63
1434,309,2.14
1434,325,0.3
1434,336,0.86
1434,340,0.51
1434,367,0.44
1434,726,0.37
1434,740,1.0
1434,749,0.5
1434,752,0.29
1434,756,0.13
1434,762,0.11
1434,767,0.37
1434,771,0.15
1434,780,0.42
1434,796,0.14
1434,1019,0.16
1434,1043,0.56
1434,1047,0.22
1434,1058,1.27
1434,1084,0.38
1434,1089,0.12
1434,1097,0.44
1434,1102,0.8
1434,1103,0.85
1435,309,0.15
1440,139,0.16
1440,230,0.46
1440,716,0.19
1440,1035,0.24
1440,1045,0.5
1441,158,0.73
1441,162,0.58
1441,171,0.76
1441,184,0.55
1441,230,0.96
1441,283,0.81
1441,371,0.91
1441,386,0.96
1443,142,0.17
1443,147,0.12
1443,149,0.17
1443,152,0.12
1443,154,0.12
1443,166,0.14
1443,167,0.22
1443,170,0.18
1443,171,0.45
1443,173,0.21
1443,175,0.3
1443,176,0.11
1443,178,0.22
1443,182,0.16
1443,185,0.24
1443,188,0.15
1443,192,0.1
1443,204,0.32
1443,214,0.39
1443,219,1.29
1443,386,0.19
1443,1013,0.13
1443,1019,0.17
1443,1029,0.44
1443,1031,0.25
1443,1035,0.45
1443,1051,0.25
1445,1091,0.54
1446,261,59.86
1455,157,0.39
1455,162,0.32
1455,165,2.55
1455,185,0.12
1455,188,0.15
1455,189,0.26
1455,251,0.18
1455,1017,0.93
1455,1030,0.47
1455,1072,0.78
1455,1103,5.64
1456,178,0.26
1456,1097,1.08
1459,178,0.25
1459,182,0.2
1459,192,0.47
1459,252,0.48
1459,267,0.51
1459,728,0.64
1459,742,1.19
1459,749,0.35
1459,1036,0.28
1459,1115,0.16
1461,204,0.15
1464,399,65.49
1471,183,0.52
1471,252,0.59
1471,266,0.76
1471,308,0.21
1471,317,0.25
1471,740,0.15
1471,796,0.1
1471,1027,0.22
1471,1051,0.1
1471,1066,0.31
1471,1077,0.86
1471,1087,0.37
1471,1102,1.0
1471,1114,0.27
1506,149,0.17
1506,151,0.28
1506,728,0.11
1510,140,0.39
1510,144,0.91
1510,150,0.24
1510,193,1.5
1510,202,0.95
1510,264,0.68
1510,273,0.23
1510,309,0.73
1510,725,1.8
1510,1012,1.4
1510,1029,0.82
1510,1064,14.29
1510,1072,0.26
1510,1078,2.19
1510,1081,0.6
1510,1102,0.94
1510,1110,0.1
1523,731,1.14
1550,222,0.1
1556,1040,0.16
1556,1115,0.11
1563,219,0.26
1563,362,0.26
1563,1024,0.33
1563,1025,0.17
1563,1030,1.21
1563,1045,1.5
1563,1072,0.81
1563,1115,0.22
1571,830,5.75
1574,358,11.39
1574,751,0.12
1576,1074,0.13
1622,237,35.0
1623,237,35.0
1709,138,1.23
1709,140,0.36
1709,141,1.44
1709,145,0.14
1709,155,1.76
1709,165,2.23
1709,177,0.16
1709,178,0.79
1709,180,2.94
1709,183,2.98
1709,193,3.63
1709,219,6.92
1709,227,2.04
1709,252,3.73
1709,300,2.54
1709,332,3.35
1709,361,2.36
1709,720,0.36
1709,725,2.15
1709,756,2.69
1709,1018,2.51
1709,1024,0.82
1709,1025,0.63
1709,1030,1.85
1709,1039,1.85
1709,1067,8.03
1709,1093,0.71
1709,1097,3.2
1713,159,2.59
1713,164,1.78
1713,165,0.75
1713,178,0.3
1713,239,3.38
1713,252,3.3
1713,292,1.24
1713,330,2.72
1713,336,3.79
1713,367,2.26
1713,370,1.53
1713,376,1.79
1713,1029,0.94
1713,1045,3.05
1713,1062,0.23
1713,1093,0.77
1726,358,0.4
1727,139,0.1
1727,141,1.29
1727,142,0.93
1727,180,1.13
1727,1024,0.22
1727,1078,0.7
1803,1019,0.66
1820,155,0.42
1820,175,0.16
1820,183,0.17
1820,195,0.29
1820,204,0.2
1820,207,0.38
1820,219,0.14
1820,226,0.8
1820,227,0.84
1820,252,1.03
1820,266,0.1
1820,283,1.36
1820,317,1.32
1820,340,1.51
1820,371,0.15
1820,398,1.91
1820,740,0.43
1820,756,0.17
1820,1036,0.34
1820,1043,0.99
1820,1045,0.51
1820,1055,0.31
1820,1074,0.72
1882,182,0.36
1882,195,2.43
1882,204,0.21
1882,259,0.12
1882,266,0.32
1882,272,0.58
1882,371,4.94
1882,1027,0.28
1882,1062,0.13
1963,138,55.7
1963,145,68.7
1963,201,50.0
1963,209,94.22
1963,285,92.14
1964,138,27.0
1965,138,15.6
1966,138,15.3
1967,138,4.4
1968,138,2.9
1969,138,1.9
1969,141,4.1
1969,145,5.0
1969,147,3.77
1969,149,2.57
1969,151,3.46
1969,154,11.84
1969,157,5.17
1969,158,6.28
1969,161,0.39
1969,163,0.62
1969,164,5.05
1969,181,31.4
1969,185,20.38
1969,187,16.18
1969,189,24.79
1969,192,2.8
1969,197,4.04
1969,203,8.68
1969,209,0.62
1969,210,100.0
1969,255,9.93
1969,265,2.99
1969,281,7.6
1969,348,0.62
1969,354,27.63
1969,380,12.98
1970,138,0.96
1970,142,0.53
1970,180,1.0
1970,239,0.26
1970,297,2.8
1970,314,0.74
1970,330,0.21
1970,1012,1.11
1970,1018,1.13
1970,1019,0.27
1970,1030,0.98
1971,140,47.92
1972,140,13.81
1973,140,0.4
1973,149,0.14
1973,175,0.17
1973,283,0.13
1974,141,0.52
1974,162,0.7
1974,164,1.51
1974,175,0.17
1974,202,0.11
1974,222,0.56
1974,226,0.13
1974,252,0.65
1974,336,0.35
1974,716,0.77
1974,830,1.96
1974,1036,0.27
1974,1058,0.28
1974,1072,1.74
1974,1103,2.38
1975,142,0.61
1975,145,11.4
1975,164,13.93
1975,203,3.12
1975,215,50.0
1975,391,10.08
1976,142,0.32
1977,144,50.0
1978,144,21.44
1978,1012,2.35
1978,1017,3.72
1978,1030,2.03
1978,1078,6.74
1978,1093,7.9
1979,144,4.91
1979,164,3.6
1979,178,0.43
1979,207,0.38
1979,299,6.2
1980,144,2.08
1980,173,0.19
1980,180,0.21
1980,1022,0.59
1980,1044,1.21
1980,1074,0.37
1980,1091,1.16
1981,144,0.86
1981,358,5.06
1981,1067,1.79
1982,144,0.55
1983,144,0.14
1984,144,0.13
1984,189,0.17
1985,145,0.11
1985,189,0.39
1985,715,0.18
1985,756,0.12
1985,1072,0.31
1985,1093,0.68
1985,1102,0.33
1986,147,0.13
1986,171,0.78
1986,1013,0.21
1987,147,0.12
1987,1074,0.18
1988,147,0.11
1988,269,0.11
1988,1013,0.25
1989,148,97.97
1990,149,50.0
1991,150,97.39
1992,150,87.95
1993,150,0.11
1993,171,1.08
1993,188,0.19
1993,214,0.31
1993,219,0.14
1993,226,0.37
1993,309,0.8
1993,1019,0.27
1993,1025,0.12
1993,1039,1.66
1993,1078,0.4
1993,1102,2.23
1994,151,0.17
1994,297,0.91
1994,1081,2.69
1995,151,0.15
1995,716,0.17
1995,728,0.14
1996,153,0.12
1996,175,0.13
1996,183,0.58
1996,219,0.3
1996,230,0.44
1996,261,0.13
1996,264,0.18
1996,266,0.27
1996,289,0.36
1996,292,0.3
1996,299,0.18
1996,300,0.36
1996,317,0.44
1996,325,0.15
1996,336,0.29
1996,337,0.34
1996,350,0.13
1996,361,0.32
1996,362,0.25
1996,371,0.33
1996,376,0.23
1996,407,0.15
1997,154,54.45
1998,154,4.19
1998,209,4.42
1999,154,0.1
1999,155,0.33
1999,158,0.38
1999,164,1.2
1999,168,0.17
1999,177,0.2
1999,178,0.52
1999,259,0.3
1999,260,0.12
1999,264,0.31
1999,269,0.93
1999,308,0.28
1999,358,37.51
1999,361,0.63
1999,370,1.47
1999,371,0.13
1999,372,1.17
1999,726,0.13
1999,728,0.17
1999,740,0.29
1999,797,1.37
1999,1012,0.98
1999,1029,0.65
1999,1032,0.34
1999,1036,0.2
1999,1058,0.37
1999,1084,0.79
2000,155,1.02
2000,162,0.26
2000,168,0.18
2000,171,0.84
2000,177,0.16
2000,183,5.15
2000,192,0.17
2000,203,0.61
2000,219,0.59
2000,252,2.34
2000,259,0.26
2000,264,3.56
2000,266,3.62
2000,267,0.71
2000,297,1.19
2000,308,0.24
2000,317,5.24
2000,325,0.13
2000,332,1.01
2000,361,0.89
2000,367,0.51
2000,740,0.2
2000,756,0.32
2000,1017,3.91
2000,1022,0.64
2000,1027,0.14
2000,1030,3.45
2000,1064,4.1
2000,1065,0.35
2000,1066,0.39
2000,1097,0.75
2000,1102,0.65
2000,1103,0.58
2000,1115,1.51
2001,155,0.47
2002,155,0.43
2002,1091,1.78
2003,155,0.29
2003,158,0.26
2003,168,0.19
2003,175,0.2
2003,177,0.46
2003,183,1.4
2003,184,0.12
2003,192,0.13
2003,193,1.19
2003,203,0.57
2003,204,0.44
2003,226,0.13
2003,239,0.51
2003,260,0.3
2003,266,1.89
2003,267,0.27
2003,283,0.32
2003,292,1.24
2003,330,0.41
2003,367,0.6
2003,370,1.17
2003,399,0.46
2003,713,0.16
2003,715,0.17
2003,722,0.51
2003,725,0.21
2003,726,0.21
2003,732,0.22
2003,749,0.72
2003,751,0.18
2003,756,0.56
2003,1019,0.14
2003,1029,0.58
2003,1036,0.51
2003,1038,0.68
2003,1045,0.84
2003,1055,0.56
2003,1058,0.4
2003,1062,0.29
2003,1066,0.34
2003,1078,0.58
2003,1093,0.82
2004,156,50.0
2004,349,50.0
2005,157,0.81
2005,267,0.12
2005,725,0.69
2005,1067,1.87
2006,157,0.24
2006,167,0.19
2006,168,1.05
2006,188,0.69
2006,193,4.27
2006,252,1.39
2006,256,3.61
2006,259,0.57
2006,300,0.22
2006,311,0.61
2006,317,1.49
2006,716,0.25
2006,1013,0.29
2006,1015,0.16
2006,1027,0.33
2006,1029,0.79
2006,1035,0.31
2006,1046,1.35
2006,1063,0.17
2007,157,0.17
2007,716,0.29
2007,731,0.24
2008,158,50.29
2009,158,0.79
2010,158,0.27
2010,203,0.39
2010,367,0.17
2010,1040,0.34
2010,1058,0.3
2011,158,0.2
2012,158,0.19
2013,160,39.0
2013,191,42.76
2013,250,39.95
2013,385,42.76
2014,162,0.41
2015,162,0.28
2015,1017,0.8
2015,1072,1.87
2016,162,0.26
2016,358,17.17
2016,743,0.1
2016,1026,51.0
2016,1032,0.15
2016,1079,99.0
2017,164,54.62
2018,164,8.21
2019,164,4.94
2019,297,0.73
2019,309,3.54
2019,1018,0.62
2019,1019,1.36
2019,1024,0.79
2020,164,1.77
2021,164,0.89
2021,214,0.16
2021,317,0.24
2021,361,0.53
2021,367,0.22
2022,165,0.52
2022,1074,0.13
2023,165,0.44
2024,165,0.41
2024,178,0.29
2024,204,0.25
2024,317,0.77
2024,330,0.15
2024,716,0.82
2024,731,0.22
2024,796,0.43
2024,1019,0.12
2024,1102,0.39
2025,165,0.41
2025,180,0.2
2026,167,50.0
2027,168,33.3
2028,168,16.6
2029,168,12.4
2030,168,0.62
2030,175,0.57
2030,192,0.27
2030,202,0.85
2030,725,0.22
2030,749,0.85
2030,821,1.99
2030,1022,2.6
2030,1097,0.39
2030,1115,0.47
2031,168,0.5
2032,168,0.35
2032,177,0.23
2032,227,0.17
2032,251,0.15
2032,256,0.35
2032,265,0.33
2032,328,2.32
2032,361,0.24
2032,371,0.19
2032,1080,0.23
2032,1091,0.41
2033,168,0.31
2033,177,0.15
2033,194,0.12
2033,256,0.35
2033,328,2.33
2033,361,0.24
2033,371,0.61
2033,1080,0.23
2033,1091,0.39
2034,169,2.41
2035,170,0.15
2036,171,50.0
2036,238,49.9
2036,265,50.0
2036,345,50.0
2037,171,1.23
2037,1038,0.41
2038,171,0.81
2038,188,0.69
2038,198,1.05
2039,171,0.81
2039,188,0.69
2039,198,1.04
2040,171,0.81
2040,188,0.69
2040,198,1.06
2040,1064,2.05
2041,171,0.41
2041,358,1.5
2042,172,50.0
2043,173,1.07
2044,174,0.5
2045,174,0.5
2046,176,23.4
2047,176,17.0
2048,177,86.45
2048,223,62.36
2048,233,62.36
2048,249,62.36
2049,177,0.14
2049,204,0.15
2049,367,0.51
2049,371,1.04
2049,756,0.68
2050,178,1.04
2050,180,1.27
2050,193,2.41
2050,195,2.45
2050,204,1.37
2050,239,2.12
2050,252,4.04
2050,260,3.86
2050,308,4.82
2050,330,1.7
2050,361,2.07
2050,370,1.23
2050,713,1.99
2050,714,0.2
2050,1024,0.83
2050,1029,0.46
2050,1043,1.12
2050,1055,1.27
2050,1062,2.03
2050,1067,2.94
2050,1084,2.16
2050,1097,2.64
2050,1103,3.52
2051,179,50.0
2052,180,3.81
2052,297,3.02
2052,1062,2.66
2052,1067,1.43
2052,1081,5.55
2053,180,0.74
2054,181,54.2
2055,183,1.01
2055,267,0.5
2056,183,0.76
2056,189,0.41
2056,207,0.17
2056,219,0.17
2056,259,0.23
2056,260,0.2
2056,266,0.2
2056,272,0.62
2056,289,1.25
2056,300,0.41
2056,309,0.2
2056,337,1.2
2056,371,0.23
2057,183,0.28
2058,183,0.15
2058,230,0.11
2058,336,0.1
2059,184,0.37
2059,1081,0.2
2060,184,0.18
2060,325,0.13
2061,184,0.16
2061,299,0.86
2062,184,0.14
2062,797,0.11
2062,1013,0.11
2063,185,51.7
2064,185,7.8
2065,185,0.11
2065,189,0.66
2065,281,0.13
2066,186,79.4
2067,187,50.0
2068,187,50.0
2069,189,74.6
2070,189,0.14
2071,189,0.11
2072,190,50.0
2072,406,50.0
2073,192,68.7
2074,193,5.2
2075,193,1.46
2075,239,0.67
2075,330,0.33
2075,1019,0.16
2075,1045,1.61
2075,1093,0.58
2076,195,20.0
2077,196,99.9
2078,197,1.51
2079,198,50.0
2080,199,99.4
2081,199,0.18
2082,199,0.06
2083,200,31.94
2083,201,11.17
2084,201,11.17
2085,202,0.12
2085,1022,1.06
2086,202,0.1
2086,283,0.1
2086,1025,0.16
2087,203,7.88
2088,203,5.86
2089,203,2.99
2090,204,0.32
2090,239,0.29
2090,330,0.23
2090,367,0.79
2090,1058,0.65
2090,1066,0.38
2090,1097,0.34
2091,205,51.75
2092,205,18.93
2093,206,100.0
2094,208,50.0
2095,214,50.0
2095,304,50.0
2096,214,0.36
2097,215,2.4
2097,220,4.76
2098,218,50.0
2098,284,50.0
2098,356,50.0
2099,219,0.38
2099,362,0.31
2100,221,50.0
2101,224,1.24
2102,225,55.7
2103,225,3.64
2104,226,0.28
2105,226,0.14
2106,227,60.0
2107,227,5.0
2108,227,0.91
2108,264,2.5
2108,337,0.94
2108,367,0.68
2109,228,9.94
2110,230,0.93
2110,371,0.91
2111,230,0.18
2112,230,0.12
2112,309,0.38
2113,231,50.0
2114,234,67.05
2114,291,67.05
2115,235,100.0
2116,236,50.0
2117,238,50.1
2118,240,50.0
2119,241,50.0
2120,241,0.15
2121,242,50.0
2122,243,99.0
2123,244,50.0
2124,244,30.0
2125,245,50.0
2126,246,99.0
2127,247,85.0
2128,247,5.0
2129,247,5.0
2130,247,5.0
2131,248,50.0
2132,252,50.0
2133,253,100.0
2134,255,50.0
2134,404,50.0
2135,257,100.0
2136,260,0.12
2137,261,6.65
2138,262,0.5
2139,263,29.9
2140,263,22.3
2141,263,6.0
2142,263,4.4
2143,265,0.12
2144,265,0.5
2145,266,11.5
2146,266,0.15
2146,300,0.37
2147,266,0.5
2148,267,66.0
2149,270,50.0
2150,271,50.0
2151,272,38.07
2152,274,98.8
2153,275,99.44
2154,275,99.44
2155,278,50.0
2156,279,99.05
2157,279,50.0
2158,280,50.0
2159,281,0.22
2159,299,0.16
2160,282,46.0
2161,283,0.2
2162,285,50.0
2163,288,50.0
2164,290,65.36
2165,290,34.64
2166,293,100.0
2167,293,100.0
2168,294,99.72
2169,295,100.0
2169,803,51.0
2170,295,100.0
2171,295,100.0
2172,296,51.0
2173,297,2.27
2174,298,50.0
2175,299,0.78
2176,299,0.32
2177,299,0.32
2178,300,3.87
2179,300,0.15
2180,301,100.0
2181,302,100.0
2182,303,53.26
2183,305,0.5
2184,305,0.5
2185,306,50.0
2185,388,50.0
2186,307,50.0
2187,309,0.5
2188,310,50.0
2189,311,50.0
2190,312,9.98
2191,312,9.83
2192,312,2.55
2193,312,2.54
2194,312,1.33
2195,312,1.27
2196,312,1.27
2197,312,0.92
2198,312,0.85
2199,312,0.85
2200,312,0.85
2201,313,99.0
2202,316,60.0
2203,316,22.23
2204,318,89.86
2205,320,50.0
2206,320,50.0
2207,321,84.27
2207,401,88.7
2208,322,24.38
2209,323,56.0
2210,323,20.0
2211,324,0.43
2212,325,3.43
2212,350,2.91
2212,407,3.42
2212,1032,0.66
2213,326,50.0
2214,327,9.17
2215,329,50.0
2216,331,8.0
2217,333,50.0
2218,335,50.0
2219,338,23.3
2220,341,50.0
2221,343,50.0
2222,346,50.0
2223,347,63.01
2224,347,34.39
2225,351,51.0
2226,352,50.0
2227,353,50.0
2228,355,50.0
2229,358,5.93
2229,742,0.28
2230,358,5.51
2231,358,2.01
2232,358,1.72
2232,720,0.21
2232,1022,0.58
2232,1072,0.16
2233,358,1.22
2234,358,0.98
2235,358,0.69
2236,359,55.83
2237,359,21.29
2238,359,9.84
2239,359,5.06
2240,359,0.45
2241,359,0.31
2242,359,0.08
2243,359,0.07
2244,360,50.0
2245,363,50.0
2246,364,50.0
2247,365,50.0
2248,366,99.97
2249,366,86.26
2250,366,68.35
2251,366,68.26
2252,367,0.86
2253,368,50.0
2254,370,50.0
2255,370,5.22
2256,370,0.5
2257,371,8.68
2258,372,50.0
2259,372,36.0
2260,372,30.2
2261,372,5.18
2262,372,3.3
2263,373,50.0
2264,374,12.24
2265,375,99.99
2266,377,50.0
2267,378,50.0
2268,379,50.0
2269,381,5.87
2270,382,90.35
2271,382,0.98
2272,383,50.0
2273,384,50.0
2274,387,50.0
2275,389,46.6
2276,389,3.37
2277,390,50.0
2278,391,63.7
2279,391,50.0
2280,391,10.04
2281,393,50.0
2282,394,50.0
2283,396,99.98
2284,397,50.0
2285,400,77.41
2286,400,8.12
2287,403,50.0
2288,403,33.33
2289,403,33.33
2290,405,100.0
2291,408,50.0
2292,409,50.0
2308,716,0.48
2313,1012,1.58
2313,1103,0.78
2315,1067,4.15
2337,728,0.11
2348,1022,4.69
2370,751,0.28
2372,1103,0.48
2434,1022,1.8
2453,1053,98.0
2473,1064,1.25
2473,1081,1.2
2528,1019,0.41
2529,737,50.0
2529,1048,97.0
2656,778,99.9
2666,1017,1.53
2666,1032,1.08
2798,1022,0.82
3118,1102,0.24
3448,729,0.98
3448,735,0.97
3448,741,7.33
3448,781,0.6
3448,820,1.11
3448,830,1.51
3520,1012,0.8
3520,1022,5.83
3522,1017,7.41
3746,717,3.14
3746,1023,0.62
3957,731,0.5
3957,1029,0.68
3957,1039,1.13
3957,1064,2.61
3957,1066,1.26
3957,1081,2.27
3957,1103,0.72
4288,1030,0.71
4906,712,62.02
4907,715,0.41
4907,735,1.3
4907,741,2.64
4907,751,0.67
4907,752,1.76
4907,755,3.45
4907,769,0.46
4907,781,2.38
4907,782,2.62
4907,795,1.63
4907,823,4.05
4907,830,1.87
4908,715,0.15
4908,749,0.27
4909,718,55.44
4910,718,19.63
4910,783,1.32
4911,718,6.99
4912,718,4.04
4913,718,2.0
4913,729,1.46
4913,830,4.66
4914,718,2.07
4914,831,7.44
4915,718,2.0
4916,718,1.79
4916,738,3.18
4917,718,0.4
4918,718,0.36
4919,718,0.26
4920,718,0.21
4921,719,100.0
4922,719,99.99
4923,720,33.1
4924,720,33.1
4925,720,30.4
4926,720,0.49
4927,721,0.34
4927,730,0.18
4927,736,0.1
4927,739,0.25
4927,740,0.89
4927,741,3.98
4927,747,0.5
4927,751,0.13
4927,754,1.18
4927,755,6.89
4927,756,0.17
4927,760,1.48
4927,762,0.33
4927,765,0.61
4927,769,0.62
4927,771,0.26
4927,773,0.11
4927,774,10.82
4927,782,0.22
4927,788,0.71
4927,789,0.88
4927,793,0.72
4927,795,0.21
4927,800,0.49
4927,809,4.39
4927,810,2.22
4927,814,0.9
4927,822,0.55
4928,722,50.0
4929,722,6.25
4930,722,5.19
4931,722,3.48
4932,722,1.87
4932,723,0.69
4932,735,1.06
4932,823,1.28
4933,722,1.86
4933,723,0.98
4933,735,1.3
4934,722,1.41
4935,722,1.34
4936,722,1.11
4936,723,0.42
4936,735,0.95
4937,722,1.11
4938,722,0.95
4939,722,0.95
4939,723,1.53
4939,729,0.63
4939,735,1.35
4939,744,2.54
4939,823,1.63
4939,830,2.95
4940,723,39.72
4941,723,22.32
4942,723,2.4
4943,723,2.4
4944,723,1.65
4945,723,0.69
4946,723,0.54
4947,728,5.0
4948,729,53.38
4949,729,4.23
4950,729,3.48
4951,729,2.93
4952,729,2.0
4953,729,1.47
4954,729,1.32
4955,729,1.2
4956,729,1.1
4957,729,0.97
4958,729,0.87
4959,729,0.66
4960,730,1.01
4960,747,1.11
4960,782,1.11
4961,731,30.96
4962,731,25.0
4963,731,0.26
4964,731,0.17
4965,732,4.82
4966,735,49.59
4967,735,7.95
4968,735,3.16
4968,830,2.04
4969,735,2.39
4970,735,1.89
4971,735,1.65
4972,735,1.01
4973,735,0.96
4973,823,1.94
4974,735,0.95
4975,735,0.94
4976,735,0.84
4977,737,99.0
4978,738,35.56
4979,738,23.96
4980,738,21.05
4981,738,8.82
4982,738,6.12
4983,738,5.21
4984,738,5.21
4985,738,5.2
4986,738,4.16
4987,738,3.3
4988,738,2.8
4989,739,14.74
4989,817,10.0
4990,739,9.78
4991,739,8.41
4992,739,6.53
4993,739,4.08
4994,739,4.06
4995,739,3.38
4996,739,2.73
4997,739,2.0
4998,739,1.92
4999,739,1.62
5000,739,0.4
5001,741,3.43
5001,747,0.82
5001,755,1.57
5001,781,0.66
5001,795,0.93
5001,820,0.92
5002,742,44.89
5003,743,0.2
5004,744,40.43
5005,744,20.27
5006,744,15.27
5007,744,3.28
5008,744,1.44
5009,744,0.95
5010,744,0.95
5011,744,0.95
5012,744,0.94
5013,744,0.87
5014,744,0.87
5015,748,28.0
5015,749,57.0
5016,753,20.94
5017,753,20.94
5018,757,50.0
5019,758,26.48
5020,759,94.21
5021,759,1.44
5022,759,0.21
5023,759,0.2
5024,759,0.2
5025,759,0.16
5026,759,0.13
5027,759,0.1
5028,759,0.1
5029,759,0.1
5030,761,6.96
5031,763,68.0
5032,763,7.75
5033,763,3.16
5034,763,2.37
5035,763,1.94
5036,763,1.67
5037,763,1.39
5038,763,1.35
5039,763,1.18
5040,763,1.04
5041,765,50.93
5042,766,56.9
5043,766,5.44
5044,769,84.0
5045,770,51.61
5046,771,13.46
5047,772,50.0
5048,773,23.5
5049,777,0.5
5050,777,1.0
5051,779,77.13
5052,779,7.07
5053,779,1.41
5054,779,1.35
5055,779,1.11
5056,779,1.05
5057,779,1.02
5058,779,0.67
5059,779,0.65
5060,783,20.14
5060,824,10.0
5061,783,3.02
5062,785,29.0
5063,785,22.04
5064,785,11.71
5065,788,50.93
5066,791,50.34
5067,791,6.09
5068,794,11.23
5069,797,0.17
5069,1091,0.53
5070,798,19.6
5071,798,9.19
5072,798,4.84
5073,798,3.92
5074,798,3.76
5075,798,3.48
5076,799,50.0
5077,802,11.97
5078,802,11.77
5079,802,8.69
5080,804,74.2
5081,804,50.0
5082,805,4.01
5083,806,97.39
5084,809,50.0
5084,829,99.97
5085,811,2.08
5086,812,19.72
5087,812,12.03
5088,813,28.25
5089,815,51.0
5090,816,2.25
5091,817,7.92
5092,819,57.38
5093,819,8.17
5094,819,5.28
5095,823,67.58
5096,823,11.99
5097,823,1.07
5098,824,90.0
5099,824,81.95
5100,827,0.5
5101,830,6.15
5102,830,5.19
7211,1012,1.65
7212,1012,0.9
7213,1012,0.81
7213,1018,0.47
7213,1032,0.28
7214,1012,0.8
7215,1013,0.48
7215,1019,0.17
7215,1025,0.3
7215,1027,1.41
7215,1036,0.67
7215,1045,1.42
7215,1046,0.8
7215,1055,0.5
7215,1058,0.59
7215,1060,1.28
7215,1072,0.3
7215,1078,0.82
7215,1081,0.7
7215,1084,1.37
7215,1093,0.99
7215,1095,0.16
7215,1097,1.27
7215,1102,1.17
7216,1013,0.14
7216,1046,0.11
7217,1013,0.05
7217,1059,0.3
7217,1108,0.02
7218,1014,51.0
7219,1017,0.85
7220,1017,0.71
7221,1017,0.71
7222,1018,44.4
7223,1018,23.4
7224,1018,5.6
7225,1018,0.96
7226,1018,0.74
7226,1030,0.62
7227,1022,12.13
7227,1030,0.6
7228,1022,1.25
7229,1024,50.0
7230,1024,0.23
7231,1027,1.0
7232,1027,1.0
7233,1027,0.43
7233,1043,0.24
7233,1050,0.13
7233,1063,0.1
7233,1084,1.3
7233,1086,1.48
7233,1090,6.02
7233,1091,0.35
7233,1095,0.18
7233,1102,0.94
7234,1030,42.0
7234,1096,0.5
7235,1030,1.96
7236,1032,0.14
7237,1034,91.6
7238,1036,0.15
7239,1037,50.0
7240,1038,3.05
7241,1038,2.35
7242,1038,0.99
7242,1113,1.6
7243,1038,0.45
7244,1039,0.56
7245,1046,0.24
7246,1054,50.0
7247,1056,50.0
7248,1058,3.37
7249,1060,74.1
7250,1064,23.91
7251,1064,0.85
7252,1064,0.77
7253,1065,0.41
7253,1115,0.83
7254,1066,59.09
7255,1066,59.09
7256,1066,51.51
7257,1066,7.58
7258,1066,7.58
7259,1067,8.1
7260,1067,4.47
7261,1067,3.52
7262,1067,3.22
7263,1067,0.94
7263,1091,4.59
7264,1069,50.0
7265,1070,20.0
7266,1072,47.9
7267,1073,0.5
7268,1074,0.48
7269,1074,0.28
7270,1074,0.14
7271,1081,1.64
7272,1082,50.0
7273,1085,21.48
7274,1085,17.47
7275,1088,4.0
7276,1091,6.44
7277,1091,2.24
7278,1091,2.22
7279,1091,1.92
7280,1091,0.67
7281,1091,0.46
7282,1094,0.14
7283,1094,0.1
7284,1096,0.5
7285,1100,99.97
7285,1112,99.99
7286,1101,55.0
7287,1103,13.1
7288,1103,0.75
7289,1103,0.64
7290,1104,92.02
7291,1104,50.0
7292,1104,50.0
7293,1107,96.16
7294,1107,51.0
7295,1109,50.0
7296,1116,74.63
7297,1117,50.0
7298,1118,21.07
7299,1120,99.7
7300,1121,0.5
7301,1121,0.5
7302,1121,0.5
7303,1121,0.5
7304,1121,0.5
7305,1121,0.5
7306,1121,0.5
7307,1121,0.5
7308,1121,0.5
7309,1121,0.5
7310,1121,0.5
7311,1121,0.5
7312,1121,0.5
7313,1121,0.5
7314,1121,0.5
